,precision,recall,f1-score,support
ddos,0.6376404494382022,0.7442622950819672,0.686838124054463,305.0
goodware,0.9903225806451613,0.9967532467532467,0.9935275080906149,308.0
ransomware,0.7310606060606061,0.6146496815286624,0.6678200692041523,314.0
rootkits,0.9298245614035088,0.9217391304347826,0.925764192139738,115.0
spyware,0.996551724137931,0.9897260273972602,0.993127147766323,292.0
accuracy,0.841079460269865,0.841079460269865,0.841079460269865,0.841079460269865
macro avg,0.857079984337082,0.8534260762391839,0.8534154082510582,1334.0
weighted avg,0.8448093330060503,0.841079460269865,0.8408123023256826,1334.0
